sample_id,chromosome,gene_location,sequence_length,acceptance_status,acceptance_score,file_path
0,chr22,10,5999,True,-906.3223727166925,chr22/10_sample_0.fasta
1,chr22,10,16272,True,-2302.3155958605194,chr22/10_sample_1.fasta
2,chr22,10,10718,True,-1552.3261702298958,chr22/10_sample_2.fasta
3,chr22,10,21867,True,-3197.410436432004,chr22/10_sample_3.fasta
4,chr22,10,499,True,-70.7610597380219,chr22/10_sample_4.fasta
5,chr22,10,10397,True,-1487.0139872538493,chr22/10_sample_5.fasta
6,chr22,10,4737,True,-706.5375485796473,chr22/10_sample_6.fasta
7,chr22,10,12365,True,-1800.069483894607,chr22/10_sample_7.fasta
8,chr22,10,15909,True,-2259.707370806144,chr22/10_sample_8.fasta
9,chr22,10,29778,True,-4437.62899402025,chr22/10_sample_9.fasta
10,chr22,10,10980,True,-1617.939586311771,chr22/10_sample_10.fasta
11,chr22,10,94572,True,-13620.497133521798,chr22/10_sample_11.fasta
12,chr22,10,4274,True,-649.8829298439086,chr22/10_sample_12.fasta
13,chr22,10,25602,True,-3746.8447608095707,chr22/10_sample_13.fasta
14,chr22,10,23083,True,-3309.4261486436644,chr22/10_sample_14.fasta
15,chr22,10,22351,True,-3312.7761896431666,chr22/10_sample_15.fasta
16,chr22,10,1482,True,-216.74098379709721,chr22/10_sample_16.fasta
17,chr22,10,56002,True,-8086.757084985922,chr22/10_sample_17.fasta
18,chr22,10,19789,True,-2871.3550423973184,chr22/10_sample_18.fasta
19,chr22,10,21024,True,-3132.7121825685895,chr22/10_sample_19.fasta
20,chr22,10,19866,True,-2965.4667109500756,chr22/10_sample_20.fasta
21,chr22,10,39496,True,-5852.860439183237,chr22/10_sample_21.fasta
22,chr22,10,15167,True,-2152.949153966515,chr22/10_sample_22.fasta
23,chr22,10,34,True,-1.7725887222397811,chr22/10_sample_23.fasta
24,chr22,10,4051,True,-623.6611200182892,chr22/10_sample_24.fasta
25,chr22,10,16533,True,-2377.9228426750747,chr22/10_sample_25.fasta
26,chr22,10,16896,True,-2430.038127153747,chr22/10_sample_26.fasta
27,chr22,10,17766,True,-2589.5818498505896,chr22/10_sample_27.fasta
28,chr22,10,11568,True,-1662.4458909700197,chr22/10_sample_28.fasta
29,chr22,10,98610,True,-14312.00161597979,chr22/10_sample_29.fasta
30,chr22,10,2117,True,-345.1180973031004,chr22/10_sample_30.fasta
31,chr22,10,54154,True,-7911.143819331884,chr22/10_sample_31.fasta
32,chr22,10,31949,True,-4581.058344395044,chr22/10_sample_32.fasta
33,chr22,10,39060,True,-5754.852555685184,chr22/10_sample_33.fasta
34,chr22,10,34,True,-1.7725887222397811,chr22/10_sample_34.fasta
35,chr22,10,32079,True,-4721.5723090775555,chr22/10_sample_35.fasta
36,chr22,10,6466,True,-1002.6969328812785,chr22/10_sample_36.fasta
37,chr22,10,878,True,-124.25117567679416,chr22/10_sample_37.fasta
38,chr22,10,34,True,-1.7725887222397811,chr22/10_sample_38.fasta
39,chr22,10,28051,True,-3923.7286259214325,chr22/10_sample_39.fasta
40,chr22,10,36053,True,-5224.042524213851,chr22/10_sample_40.fasta
41,chr22,10,1893,True,-279.3597961188052,chr22/10_sample_41.fasta
42,chr22,10,13422,True,-1939.7589673274974,chr22/10_sample_42.fasta
43,chr22,10,7469,True,-1056.0035987498718,chr22/10_sample_43.fasta
44,chr22,10,22227,True,-3358.877252667096,chr22/10_sample_44.fasta
45,chr22,10,20110,True,-2923.8372270163336,chr22/10_sample_45.fasta
46,chr22,10,16521,True,-2462.9058148449,chr22/10_sample_46.fasta
47,chr22,10,1749,True,-269.21170551509704,chr22/10_sample_47.fasta
48,chr22,10,48687,True,-7134.864828708651,chr22/10_sample_48.fasta
49,chr22,10,15874,True,-2363.156199746388,chr22/10_sample_49.fasta
50,chr22,10,11377,True,-1625.9832214394175,chr22/10_sample_50.fasta
51,chr22,10,8630,True,-1193.9669897480494,chr22/10_sample_51.fasta
52,chr22,10,15665,True,-2374.248642767718,chr22/10_sample_52.fasta
53,chr22,10,2529,True,-364.1864202851881,chr22/10_sample_53.fasta
54,chr22,10,25615,True,-3782.3130500537836,chr22/10_sample_54.fasta
55,chr22,10,42048,True,-6107.222528646764,chr22/10_sample_55.fasta
56,chr22,10,9443,True,-1367.3079890215383,chr22/10_sample_56.fasta
57,chr22,10,19260,True,-2830.538576812168,chr22/10_sample_57.fasta
58,chr22,10,2899,True,-411.6737776702336,chr22/10_sample_58.fasta
59,chr22,10,31627,True,-4529.269306956594,chr22/10_sample_59.fasta
60,chr22,10,12904,True,-1891.6691437307925,chr22/10_sample_60.fasta
61,chr22,10,21177,True,-3065.227788949578,chr22/10_sample_61.fasta
62,chr22,10,11339,True,-1594.5695832762888,chr22/10_sample_62.fasta
63,chr22,10,34,True,-1.7725887222397811,chr22/10_sample_63.fasta
64,chr22,10,947,True,-131.99357769860998,chr22/10_sample_64.fasta
65,chr22,10,8621,True,-1186.1724717250972,chr22/10_sample_65.fasta
66,chr22,10,15340,True,-2178.7383966172742,chr22/10_sample_66.fasta
67,chr22,10,4449,True,-625.7270105265909,chr22/10_sample_67.fasta
68,chr22,10,55675,True,-8058.299485615189,chr22/10_sample_68.fasta
69,chr22,10,8170,True,-1189.219191486407,chr22/10_sample_69.fasta
70,chr22,10,26692,True,-3846.82785384702,chr22/10_sample_70.fasta
71,chr22,10,26254,True,-3833.3047083094048,chr22/10_sample_71.fasta
72,chr22,10,34,True,-1.7725887222397811,chr22/10_sample_72.fasta
73,chr22,10,24755,True,-3655.990364155062,chr22/10_sample_73.fasta
74,chr22,10,16918,True,-2445.6949183665497,chr22/10_sample_74.fasta
75,chr22,10,3046,True,-407.1229805121441,chr22/10_sample_75.fasta
76,chr22,10,64731,True,-9460.51957048331,chr22/10_sample_76.fasta
77,chr22,10,86832,True,-12599.736277396732,chr22/10_sample_77.fasta
78,chr22,10,8947,True,-1385.6560627563088,chr22/10_sample_78.fasta
79,chr22,10,18458,True,-2566.485977854171,chr22/10_sample_79.fasta
80,chr22,10,8720,True,-1289.675504798834,chr22/10_sample_80.fasta
81,chr22,10,16684,True,-2468.253991185817,chr22/10_sample_81.fasta
82,chr22,10,33384,True,-4957.232975699336,chr22/10_sample_82.fasta
83,chr22,10,34,True,-1.7725887222397811,chr22/10_sample_83.fasta
84,chr22,10,7977,True,-1257.188268281414,chr22/10_sample_84.fasta
85,chr22,10,30533,True,-4446.379327361833,chr22/10_sample_85.fasta
86,chr22,10,39896,True,-5732.5926278393745,chr22/10_sample_86.fasta
87,chr22,10,15983,True,-2312.805572670193,chr22/10_sample_87.fasta
88,chr22,10,6099,True,-907.2239839018063,chr22/10_sample_88.fasta
89,chr22,10,19410,True,-2823.2131027994674,chr22/10_sample_89.fasta
90,chr22,10,315,True,-42.328474301685745,chr22/10_sample_90.fasta
91,chr22,10,11054,True,-1580.4846246271586,chr22/10_sample_91.fasta
92,chr22,10,64226,True,-9282.287975978103,chr22/10_sample_92.fasta
93,chr22,10,20538,True,-3035.6715772901907,chr22/10_sample_93.fasta
94,chr22,10,1641,True,-242.9106776215798,chr22/10_sample_94.fasta
95,chr22,10,56415,True,-8292.363305738936,chr22/10_sample_95.fasta
96,chr22,10,9715,True,-1421.4912521408696,chr22/10_sample_96.fasta
97,chr22,10,1428,True,-179.02335397440828,chr22/10_sample_97.fasta
98,chr22,10,51207,True,-7427.599130207676,chr22/10_sample_98.fasta
99,chr22,10,1171,True,-157.52224034367163,chr22/10_sample_99.fasta
100,chr22,10,5846,True,-853.5639689262428,chr22/10_sample_100.fasta
101,chr22,10,39276,True,-5742.677139540939,chr22/10_sample_101.fasta
102,chr22,10,48443,True,-7045.800103390999,chr22/10_sample_102.fasta
103,chr22,10,194440,True,-28241.355131144104,chr22/10_sample_103.fasta
104,chr22,10,3026,True,-450.37223674593434,chr22/10_sample_104.fasta
105,chr22,10,34851,True,-5091.454411623312,chr22/10_sample_105.fasta
106,chr22,10,14145,True,-2039.7305974639162,chr22/10_sample_106.fasta
107,chr22,10,2269,True,-327.72375075458444,chr22/10_sample_107.fasta
108,chr22,10,34108,True,-4957.008872529027,chr22/10_sample_108.fasta
109,chr22,10,364,True,-40.13124972434952,chr22/10_sample_109.fasta
110,chr22,10,17568,True,-2567.0477909657,chr22/10_sample_110.fasta
111,chr22,10,3520,True,-541.3850695362157,chr22/10_sample_111.fasta
112,chr22,10,97942,True,-14326.652564005162,chr22/10_sample_112.fasta
113,chr22,10,103,True,-13.386191754963454,chr22/10_sample_113.fasta
114,chr22,10,18795,True,-2742.9643778579134,chr22/10_sample_114.fasta
115,chr22,10,55571,True,-8067.8107213041985,chr22/10_sample_115.fasta
116,chr22,10,1853,True,-285.4417727404276,chr22/10_sample_116.fasta
117,chr22,10,50074,True,-7106.706374311381,chr22/10_sample_117.fasta
118,chr22,10,50617,True,-7488.385529960028,chr22/10_sample_118.fasta
119,chr22,10,102498,True,-14886.976065903444,chr22/10_sample_119.fasta
120,chr22,10,40580,True,-5921.24853211974,chr22/10_sample_120.fasta
121,chr22,10,737,True,-119.68682748532633,chr22/10_sample_121.fasta
122,chr22,10,33816,True,-5018.19136262086,chr22/10_sample_122.fasta
123,chr22,10,6500,True,-990.7685457093439,chr22/10_sample_123.fasta
124,chr22,10,25335,True,-3641.654200268846,chr22/10_sample_124.fasta
125,chr22,10,63204,True,-9083.862344135401,chr22/10_sample_125.fasta
126,chr22,10,29829,True,-4304.753199357272,chr22/10_sample_126.fasta
127,chr22,10,17400,True,-2431.21595751031,chr22/10_sample_127.fasta
128,chr22,10,5288,True,-771.759050586796,chr22/10_sample_128.fasta
129,chr22,10,86570,True,-12456.295464120909,chr22/10_sample_129.fasta
130,chr22,10,38843,True,-5658.255980482645,chr22/10_sample_130.fasta
131,chr22,10,6049,True,-915.5688521352847,chr22/10_sample_131.fasta
132,chr22,10,34,True,-1.7725887222397811,chr22/10_sample_132.fasta
133,chr22,10,12627,True,-1803.3382186938543,chr22/10_sample_133.fasta
134,chr22,10,34,True,-1.7725887222397811,chr22/10_sample_134.fasta
135,chr22,10,2721,True,-391.67674143627323,chr22/10_sample_135.fasta
136,chr22,10,34,True,-1.7725887222397811,chr22/10_sample_136.fasta
137,chr22,10,7517,True,-1044.7297937907397,chr22/10_sample_137.fasta
138,chr22,10,14974,True,-2178.4528026772005,chr22/10_sample_138.fasta
139,chr22,10,38319,True,-5624.461667672017,chr22/10_sample_139.fasta
140,chr22,10,23960,True,-3395.362847999741,chr22/10_sample_140.fasta
141,chr22,10,29999,True,-4288.9536111744355,chr22/10_sample_141.fasta
142,chr22,10,15559,True,-2236.872078815422,chr22/10_sample_142.fasta
143,chr22,10,55618,True,-8040.289121821648,chr22/10_sample_143.fasta
144,chr22,10,6909,True,-1043.0037013560275,chr22/10_sample_144.fasta
145,chr22,10,27975,True,-3958.530870051835,chr22/10_sample_145.fasta
146,chr22,10,24332,True,-3446.984074533758,chr22/10_sample_146.fasta
147,chr22,10,8093,True,-1208.706530609983,chr22/10_sample_147.fasta
148,chr22,10,54062,True,-7824.774552800944,chr22/10_sample_148.fasta
149,chr22,10,36335,True,-5284.935244100833,chr22/10_sample_149.fasta
150,chr22,10,18347,True,-2563.4892859616266,chr22/10_sample_150.fasta
151,chr22,10,17590,True,-2538.9956567030845,chr22/10_sample_151.fasta
152,chr22,10,15585,True,-2251.323937604902,chr22/10_sample_152.fasta
153,chr22,10,34474,True,-4947.590405941284,chr22/10_sample_153.fasta
154,chr22,10,4239,True,-549.5058345993826,chr22/10_sample_154.fasta
155,chr22,10,22053,True,-3180.435106024964,chr22/10_sample_155.fasta
156,chr22,10,49848,True,-7237.609047567293,chr22/10_sample_156.fasta
157,chr22,10,44296,True,-6401.234716239903,chr22/10_sample_157.fasta
158,chr22,10,23267,True,-3461.777819529203,chr22/10_sample_158.fasta
159,chr22,10,15681,True,-2304.657705540274,chr22/10_sample_159.fasta
160,chr22,10,16864,True,-2341.3945061099557,chr22/10_sample_160.fasta
161,chr22,10,8979,True,-1343.5825487467098,chr22/10_sample_161.fasta
162,chr22,10,5767,True,-846.6324971206436,chr22/10_sample_162.fasta
163,chr22,10,13446,True,-1956.6686307000057,chr22/10_sample_163.fasta
164,chr22,10,21899,True,-3165.4985640594728,chr22/10_sample_164.fasta
165,chr22,10,360,True,-44.98327998826915,chr22/10_sample_165.fasta
166,chr22,10,264,True,-44.931163987130134,chr22/10_sample_166.fasta
167,chr22,10,22598,True,-3225.802368768212,chr22/10_sample_167.fasta
168,chr22,10,95088,True,-13815.970902836827,chr22/10_sample_168.fasta
169,chr22,10,57831,True,-8423.277441895885,chr22/10_sample_169.fasta
170,chr22,10,44025,True,-6528.09628944813,chr22/10_sample_170.fasta
171,chr22,10,27644,True,-4012.6620171700315,chr22/10_sample_171.fasta
172,chr22,10,24443,True,-3607.8077714570773,chr22/10_sample_172.fasta
173,chr22,10,29636,True,-4400.158393169881,chr22/10_sample_173.fasta
174,chr22,10,13864,True,-2033.9227518813675,chr22/10_sample_174.fasta
175,chr22,10,884,True,-145.97430434546527,chr22/10_sample_175.fasta
176,chr22,10,9281,True,-1330.661869420762,chr22/10_sample_176.fasta
177,chr22,10,37669,True,-5389.926715405641,chr22/10_sample_177.fasta
178,chr22,10,318,True,-50.52845743274873,chr22/10_sample_178.fasta
179,chr22,10,16149,True,-2372.3641141972234,chr22/10_sample_179.fasta
180,chr22,10,34,True,-1.7725887222397811,chr22/10_sample_180.fasta
181,chr22,10,24675,True,-3622.3774132822114,chr22/10_sample_181.fasta
182,chr22,10,43721,True,-6324.361046232221,chr22/10_sample_182.fasta
183,chr22,10,30535,True,-4510.658565083754,chr22/10_sample_183.fasta
184,chr22,10,17551,True,-2508.0646135835746,chr22/10_sample_184.fasta
185,chr22,10,63832,True,-9356.545405266932,chr22/10_sample_185.fasta
186,chr22,10,144,True,-21.534058884887397,chr22/10_sample_186.fasta
187,chr22,10,7931,True,-1148.4412908690313,chr22/10_sample_187.fasta
188,chr22,10,3543,True,-526.0701645293806,chr22/10_sample_188.fasta
189,chr22,10,124863,True,-17942.706591404294,chr22/10_sample_189.fasta
190,chr22,10,46207,True,-6891.871401437883,chr22/10_sample_190.fasta
191,chr22,10,13069,True,-1937.1312637076724,chr22/10_sample_191.fasta
192,chr22,10,17146,True,-2456.3391550472747,chr22/10_sample_192.fasta
193,chr22,10,50939,True,-7601.918870601828,chr22/10_sample_193.fasta
194,chr22,10,34,True,-1.7725887222397811,chr22/10_sample_194.fasta
195,chr22,10,34,True,-1.7725887222397811,chr22/10_sample_195.fasta
196,chr22,10,538,True,-63.76392089790506,chr22/10_sample_196.fasta
197,chr22,10,16052,True,-2323.6468104544624,chr22/10_sample_197.fasta
198,chr22,10,6887,True,-1016.3357733221635,chr22/10_sample_198.fasta
199,chr22,10,24352,True,-3580.342464240368,chr22/10_sample_199.fasta
200,chr22,10,34,True,-1.7725887222397811,chr22/10_sample_200.fasta
201,chr22,10,23437,True,-3286.8535247909977,chr22/10_sample_201.fasta
202,chr22,10,49164,True,-7039.4054307625165,chr22/10_sample_202.fasta
203,chr22,10,6328,True,-893.492374359645,chr22/10_sample_203.fasta
204,chr22,10,81372,True,-11875.590298550247,chr22/10_sample_204.fasta
205,chr22,10,4545,True,-671.5268404446836,chr22/10_sample_205.fasta
206,chr22,10,11533,True,-1653.185860518051,chr22/10_sample_206.fasta
207,chr22,10,36629,True,-5306.370690697065,chr22/10_sample_207.fasta
208,chr22,10,36827,True,-5454.167388159787,chr22/10_sample_208.fasta
209,chr22,10,88687,True,-12849.454800600892,chr22/10_sample_209.fasta
210,chr22,10,2035,True,-297.27739081108575,chr22/10_sample_210.fasta
211,chr22,10,8404,True,-1267.4812439875366,chr22/10_sample_211.fasta
212,chr22,10,10426,True,-1522.978422575066,chr22/10_sample_212.fasta
213,chr22,10,10279,True,-1444.2994420648267,chr22/10_sample_213.fasta
214,chr22,10,20761,True,-2972.803647863766,chr22/10_sample_214.fasta
215,chr22,10,4608,True,-703.0853637102263,chr22/10_sample_215.fasta
216,chr22,10,8951,True,-1354.9220207403614,chr22/10_sample_216.fasta
217,chr22,10,82,True,-12.980726646855288,chr22/10_sample_217.fasta
218,chr22,10,14352,True,-2029.1092865852058,chr22/10_sample_218.fasta
219,chr22,10,15455,True,-2203.7844642187138,chr22/10_sample_219.fasta
220,chr22,10,7376,True,-1096.964949437424,chr22/10_sample_220.fasta
221,chr22,10,6398,True,-926.1880748816158,chr22/10_sample_221.fasta
222,chr22,10,21848,True,-3188.7393211583026,chr22/10_sample_222.fasta
223,chr22,10,111764,True,-16250.187083821349,chr22/10_sample_223.fasta
224,chr22,10,9392,True,-1350.815253658141,chr22/10_sample_224.fasta
225,chr22,10,36195,True,-5323.135468967182,chr22/10_sample_225.fasta
226,chr22,10,9886,True,-1387.1215751853256,chr22/10_sample_226.fasta
227,chr22,10,17257,True,-2471.5748419862052,chr22/10_sample_227.fasta
228,chr22,10,11911,True,-1745.976901744178,chr22/10_sample_228.fasta
229,chr22,10,33308,True,-4818.23455131462,chr22/10_sample_229.fasta
230,chr22,10,9653,True,-1415.9325236630139,chr22/10_sample_230.fasta
231,chr22,10,43891,True,-6335.045936013082,chr22/10_sample_231.fasta
232,chr22,10,100606,True,-14692.647826374292,chr22/10_sample_232.fasta
233,chr22,10,28414,True,-4185.0857660927,chr22/10_sample_233.fasta
234,chr22,10,9171,True,-1305.525120850435,chr22/10_sample_234.fasta
235,chr22,10,13017,True,-1882.4883313467171,chr22/10_sample_235.fasta
236,chr22,10,4408,True,-632.3572492263593,chr22/10_sample_236.fasta
237,chr22,10,47036,True,-6879.0257639150905,chr22/10_sample_237.fasta
238,chr22,10,6554,True,-1021.52968979205,chr22/10_sample_238.fasta
239,chr22,10,23176,True,-3366.3955515186162,chr22/10_sample_239.fasta
240,chr22,10,44520,True,-6593.734719464415,chr22/10_sample_240.fasta
241,chr22,10,6177,True,-870.2787193275773,chr22/10_sample_241.fasta
242,chr22,10,12972,True,-1780.1381146951655,chr22/10_sample_242.fasta
243,chr22,10,37856,True,-5606.412738910686,chr22/10_sample_243.fasta
244,chr22,10,26671,True,-3996.615400014867,chr22/10_sample_244.fasta
245,chr22,10,35195,True,-5141.612213860682,chr22/10_sample_245.fasta
246,chr22,10,34,True,-1.7725887222397811,chr22/10_sample_246.fasta
247,chr22,10,8220,True,-1195.35328410917,chr22/10_sample_247.fasta
248,chr22,10,34,True,-1.7725887222397811,chr22/10_sample_248.fasta
249,chr22,10,36030,True,-5168.669967836927,chr22/10_sample_249.fasta
250,chr22,10,14263,True,-2121.574080771141,chr22/10_sample_250.fasta
251,chr22,10,61754,True,-9046.183279280469,chr22/10_sample_251.fasta
252,chr22,10,16136,True,-2404.523015542058,chr22/10_sample_252.fasta
253,chr22,10,6968,True,-983.8506249371234,chr22/10_sample_253.fasta
254,chr22,10,68726,True,-10063.573256736345,chr22/10_sample_254.fasta
255,chr22,10,37707,True,-5547.118953654084,chr22/10_sample_255.fasta
256,chr22,10,4976,True,-693.2635201467317,chr22/10_sample_256.fasta
257,chr22,10,9755,True,-1438.1924515088244,chr22/10_sample_257.fasta
258,chr22,10,3851,True,-568.5877086148487,chr22/10_sample_258.fasta
259,chr22,10,17281,True,-2455.9086760047758,chr22/10_sample_259.fasta
260,chr22,10,14167,True,-2042.7116501907103,chr22/10_sample_260.fasta
261,chr22,10,10800,True,-1530.6822596291242,chr22/10_sample_261.fasta
262,chr22,10,5155,True,-753.5016578209255,chr22/10_sample_262.fasta
263,chr22,10,27399,True,-4064.165460668406,chr22/10_sample_263.fasta
264,chr22,10,59504,True,-8530.991474054137,chr22/10_sample_264.fasta
265,chr22,10,34,True,-1.7725887222397811,chr22/10_sample_265.fasta
266,chr22,10,12259,True,-1779.510634549125,chr22/10_sample_266.fasta
267,chr22,10,66379,True,-9576.757744680493,chr22/10_sample_267.fasta
268,chr22,10,17560,True,-2634.230951478888,chr22/10_sample_268.fasta
269,chr22,10,16929,True,-2510.6016362345113,chr22/10_sample_269.fasta
270,chr22,10,50867,True,-7302.411533433003,chr22/10_sample_270.fasta
271,chr22,10,67688,True,-9753.578030890201,chr22/10_sample_271.fasta
272,chr22,10,49618,True,-7230.911053700669,chr22/10_sample_272.fasta
273,chr22,10,9110,True,-1411.9185256820672,chr22/10_sample_273.fasta
274,chr22,10,10911,True,-1552.8879833414187,chr22/10_sample_274.fasta
275,chr22,10,90851,True,-13039.209317169922,chr22/10_sample_275.fasta
276,chr22,10,21699,True,-3084.296111931667,chr22/10_sample_276.fasta
277,chr22,10,34946,True,-5078.205397124783,chr22/10_sample_277.fasta
278,chr22,10,9325,True,-1373.3107475752674,chr22/10_sample_278.fasta
279,chr22,10,102611,True,-15240.750060524206,chr22/10_sample_279.fasta
280,chr22,10,24909,True,-3612.555569718708,chr22/10_sample_280.fasta
281,chr22,10,17351,True,-2508.9412108343113,chr22/10_sample_281.fasta
282,chr22,10,4008,True,-562.5713990277429,chr22/10_sample_282.fasta
283,chr22,10,468,True,-75.61309000194152,chr22/10_sample_283.fasta
284,chr22,10,43735,True,-6229.032982355171,chr22/10_sample_284.fasta
285,chr22,10,3915,True,-605.1681611811063,chr22/10_sample_285.fasta
286,chr22,10,17529,True,-2562.286441670686,chr22/10_sample_286.fasta
287,chr22,10,93041,True,-13706.044006935486,chr22/10_sample_287.fasta
288,chr22,10,51309,True,-7590.096803564539,chr22/10_sample_288.fasta
289,chr22,10,60592,True,-8832.13004642407,chr22/10_sample_289.fasta
290,chr22,10,29491,True,-4419.186063051833,chr22/10_sample_290.fasta
291,chr22,10,8258,True,-1222.5309092534192,chr22/10_sample_291.fasta
292,chr22,10,11433,True,-1569.537066708235,chr22/10_sample_292.fasta
293,chr22,10,64447,True,-9236.852958067979,chr22/10_sample_293.fasta
294,chr22,10,34,True,-1.7725887222397811,chr22/10_sample_294.fasta
295,chr22,10,95085,True,-13837.784712474398,chr22/10_sample_295.fasta
296,chr22,10,23949,True,-3486.101549750951,chr22/10_sample_296.fasta
297,chr22,10,68660,True,-10110.435222107695,chr22/10_sample_297.fasta
298,chr22,10,55890,True,-8148.933955364123,chr22/10_sample_298.fasta
299,chr22,10,48290,True,-7144.385439166319,chr22/10_sample_299.fasta
300,chr22,10,1665,True,-251.52967689412924,chr22/10_sample_300.fasta
301,chr22,10,7164,True,-995.2807778996728,chr22/10_sample_301.fasta
302,chr22,10,16953,True,-2561.9466435970817,chr22/10_sample_302.fasta
303,chr22,10,65333,True,-9484.63692483288,chr22/10_sample_303.fasta
304,chr22,10,32012,True,-4486.253528661732,chr22/10_sample_304.fasta
305,chr22,10,13001,True,-1890.192168400775,chr22/10_sample_305.fasta
306,chr22,10,84188,True,-12291.167999011835,chr22/10_sample_306.fasta
307,chr22,10,34,True,-1.7725887222397811,chr22/10_sample_307.fasta
308,chr22,10,6731,True,-946.1194440810584,chr22/10_sample_308.fasta
309,chr22,10,29674,True,-4422.706003088156,chr22/10_sample_309.fasta
310,chr22,10,6365,True,-946.1465461478142,chr22/10_sample_310.fasta
311,chr22,10,29751,True,-4306.32294378856,chr22/10_sample_311.fasta
312,chr22,10,10018,True,-1463.8003322217808,chr22/10_sample_312.fasta
313,chr22,10,24944,True,-3679.215482088126,chr22/10_sample_313.fasta
314,chr22,10,13251,True,-1953.1914318962079,chr22/10_sample_314.fasta
315,chr22,10,34,True,-1.7725887222397811,chr22/10_sample_315.fasta
316,chr22,10,10511,True,-1484.8938926120316,chr22/10_sample_316.fasta
317,chr22,10,26642,True,-3892.2086676236263,chr22/10_sample_317.fasta
318,chr22,10,1643,True,-207.5601714130225,chr22/10_sample_318.fasta
319,chr22,10,40125,True,-5752.444778970935,chr22/10_sample_319.fasta
320,chr22,10,13947,True,-2011.624259067792,chr22/10_sample_320.fasta
321,chr22,10,13190,True,-1898.9539646433616,chr22/10_sample_321.fasta
322,chr22,10,31352,True,-4493.656132609964,chr22/10_sample_322.fasta
323,chr22,10,5161,True,-752.1018124264269,chr22/10_sample_323.fasta
324,chr22,10,12979,True,-1822.2501936725264,chr22/10_sample_324.fasta
325,chr22,10,139553,True,-20319.50933943297,chr22/10_sample_325.fasta
326,chr22,10,1757,True,-283.65001327119955,chr22/10_sample_326.fasta
327,chr22,10,31191,True,-4621.482895905468,chr22/10_sample_327.fasta
328,chr22,10,21627,True,-3297.1329494637444,chr22/10_sample_328.fasta
329,chr22,10,30813,True,-4449.595946159931,chr22/10_sample_329.fasta
330,chr22,10,22105,True,-3082.1489152231047,chr22/10_sample_330.fasta
331,chr22,10,63249,True,-9205.45287093822,chr22/10_sample_331.fasta
332,chr22,10,145511,True,-21197.785197598852,chr22/10_sample_332.fasta
333,chr22,10,3726,True,-565.1740887131871,chr22/10_sample_333.fasta
334,chr22,10,29986,True,-4409.119278648377,chr22/10_sample_334.fasta
335,chr22,10,25876,True,-3647.593379920439,chr22/10_sample_335.fasta
336,chr22,10,803,True,-123.27034642378243,chr22/10_sample_336.fasta
337,chr22,10,1798,True,-237.3133841759612,chr22/10_sample_337.fasta
338,chr22,10,78417,True,-11324.325649735685,chr22/10_sample_338.fasta
339,chr22,10,11786,True,-1694.6454454149864,chr22/10_sample_339.fasta
340,chr22,10,5595,True,-825.890197704986,chr22/10_sample_340.fasta
341,chr22,10,11224,True,-1578.2738490164443,chr22/10_sample_341.fasta
342,chr22,10,3320,True,-438.81074971434964,chr22/10_sample_342.fasta
343,chr22,10,43099,True,-6427.327280128872,chr22/10_sample_343.fasta
344,chr22,10,4041,True,-561.7604688115273,chr22/10_sample_344.fasta
345,chr22,10,1035,True,-168.90027730508257,chr22/10_sample_345.fasta
346,chr22,10,5168,True,-783.0985225804452,chr22/10_sample_346.fasta
347,chr22,10,2766,True,-401.14523589279975,chr22/10_sample_347.fasta
348,chr22,10,19486,True,-2889.5082031609145,chr22/10_sample_348.fasta
349,chr22,10,5243,True,-785.8189953015461,chr22/10_sample_349.fasta
350,chr22,10,304,True,-29.328576907842173,chr22/10_sample_350.fasta
351,chr22,10,48374,True,-6995.175345275728,chr22/10_sample_351.fasta
352,chr22,10,80766,True,-11754.169670784211,chr22/10_sample_352.fasta
353,chr22,10,5140,True,-759.1125022999231,chr22/10_sample_353.fasta
354,chr22,10,39431,True,-5739.485534677209,chr22/10_sample_354.fasta
355,chr22,10,9291,True,-1413.8395310879546,chr22/10_sample_355.fasta
356,chr22,10,22772,True,-3339.414927477911,chr22/10_sample_356.fasta
357,chr22,10,18880,True,-2710.9482734831195,chr22/10_sample_357.fasta
358,chr22,10,17069,True,-2483.5303312249034,chr22/10_sample_358.fasta
359,chr22,10,9009,True,-1293.5852707775007,chr22/10_sample_359.fasta
360,chr22,10,34,True,-1.7725887222397811,chr22/10_sample_360.fasta
361,chr22,10,34,True,-1.7725887222397811,chr22/10_sample_361.fasta
362,chr22,10,2329,True,-345.77267951589965,chr22/10_sample_362.fasta
363,chr22,10,17360,True,-2466.0046506073445,chr22/10_sample_363.fasta
364,chr22,10,34,True,-1.7725887222397811,chr22/10_sample_364.fasta
365,chr22,10,69104,True,-10030.225062133919,chr22/10_sample_365.fasta
366,chr22,10,30613,True,-4270.030173294744,chr22/10_sample_366.fasta
367,chr22,10,34,True,-1.7725887222397811,chr22/10_sample_367.fasta
368,chr22,10,9302,True,-1366.7711898443952,chr22/10_sample_368.fasta
369,chr22,10,30542,True,-4364.404509985572,chr22/10_sample_369.fasta
370,chr22,10,40637,True,-5986.520061995676,chr22/10_sample_370.fasta
371,chr22,10,11421,True,-1629.4875223099743,chr22/10_sample_371.fasta
372,chr22,10,21434,True,-3080.0715618138015,chr22/10_sample_372.fasta
373,chr22,10,7621,True,-1155.8438948172552,chr22/10_sample_373.fasta
374,chr22,10,21442,True,-3179.363595803047,chr22/10_sample_374.fasta
375,chr22,10,22786,True,-3258.5251713569364,chr22/10_sample_375.fasta
376,chr22,10,10246,True,-1474.7458020083254,chr22/10_sample_376.fasta
377,chr22,10,42879,True,-6123.006477663861,chr22/10_sample_377.fasta
378,chr22,10,1421,True,-218.31072822839087,chr22/10_sample_378.fasta
379,chr22,10,24390,True,-3589.158464616461,chr22/10_sample_379.fasta
380,chr22,10,30227,True,-4396.536309263643,chr22/10_sample_380.fasta
381,chr22,10,35834,True,-5260.46454064432,chr22/10_sample_381.fasta
382,chr22,10,34,True,-1.7725887222397811,chr22/10_sample_382.fasta
383,chr22,10,10999,True,-1555.6605720636587,chr22/10_sample_383.fasta
384,chr22,10,5678,True,-825.5503996313957,chr22/10_sample_384.fasta
385,chr22,10,26716,True,-3972.457392565191,chr22/10_sample_385.fasta
386,chr22,10,34,True,-1.7725887222397811,chr22/10_sample_386.fasta
387,chr22,10,23950,True,-3584.018752280093,chr22/10_sample_387.fasta
388,chr22,10,18802,True,-2789.590777157998,chr22/10_sample_388.fasta
389,chr22,10,5523,True,-852.4403427031945,chr22/10_sample_389.fasta
390,chr22,10,25715,True,-3769.4715887957295,chr22/10_sample_390.fasta
391,chr22,10,25727,True,-3772.844555597263,chr22/10_sample_391.fasta
392,chr22,10,17591,True,-2632.192163037339,chr22/10_sample_392.fasta
393,chr22,10,5394,True,-697.0555030897433,chr22/10_sample_393.fasta
394,chr22,10,27250,True,-4119.093986969438,chr22/10_sample_394.fasta
395,chr22,10,29314,True,-4241.493355856136,chr22/10_sample_395.fasta
396,chr22,10,54013,True,-7956.393299039482,chr22/10_sample_396.fasta
397,chr22,10,34,True,-1.7725887222397811,chr22/10_sample_397.fasta
398,chr22,10,21990,True,-3216.530875415215,chr22/10_sample_398.fasta
399,chr22,10,44379,True,-6550.813798403192,chr22/10_sample_399.fasta
400,chr22,10,18093,True,-2534.390655411489,chr22/10_sample_400.fasta
401,chr22,10,75854,True,-10991.377348863172,chr22/10_sample_401.fasta
402,chr22,10,18880,True,-2739.0275098124953,chr22/10_sample_402.fasta
403,chr22,10,38022,True,-5560.846386931525,chr22/10_sample_403.fasta
404,chr22,10,7472,True,-1102.0004297715159,chr22/10_sample_404.fasta
405,chr22,10,3971,True,-546.2235487667575,chr22/10_sample_405.fasta
406,chr22,10,31849,True,-4536.266445796703,chr22/10_sample_406.fasta
407,chr22,10,17732,True,-2593.0611367867623,chr22/10_sample_407.fasta
408,chr22,10,3134,True,-420.75035805203026,chr22/10_sample_408.fasta
409,chr22,10,22737,True,-3363.6229627963776,chr22/10_sample_409.fasta
410,chr22,10,19691,True,-2920.8290722227844,chr22/10_sample_410.fasta
411,chr22,10,10987,True,-1460.4638422556384,chr22/10_sample_411.fasta
412,chr22,10,23932,True,-3554.043524479209,chr22/10_sample_412.fasta
413,chr22,10,4328,True,-601.0999590666468,chr22/10_sample_413.fasta
414,chr22,10,9418,True,-1439.0554977261813,chr22/10_sample_414.fasta
415,chr22,10,51647,True,-7413.0002981834195,chr22/10_sample_415.fasta
416,chr22,10,107510,True,-15415.47526602652,chr22/10_sample_416.fasta
417,chr22,10,69494,True,-10037.378548977464,chr22/10_sample_417.fasta
418,chr22,10,13681,True,-1925.5947906104693,chr22/10_sample_418.fasta
419,chr22,10,12082,True,-1795.937702878009,chr22/10_sample_419.fasta
420,chr22,10,40699,True,-5922.1230412380955,chr22/10_sample_420.fasta
421,chr22,10,989,True,-131.58811259050182,chr22/10_sample_421.fasta
422,chr22,10,9948,True,-1449.3734873666806,chr22/10_sample_422.fasta
423,chr22,10,5365,True,-793.7969633946748,chr22/10_sample_423.fasta
424,chr22,10,85578,True,-12442.036430170265,chr22/10_sample_424.fasta
425,chr22,10,12750,True,-1812.4419011424086,chr22/10_sample_425.fasta
426,chr22,10,34,True,-1.7725887222397811,chr22/10_sample_426.fasta
427,chr22,10,1196,True,-154.74965162143187,chr22/10_sample_427.fasta
428,chr22,10,95831,True,-13964.34296444445,chr22/10_sample_428.fasta
429,chr22,10,34,True,-1.7725887222397811,chr22/10_sample_429.fasta
430,chr22,10,15780,True,-2267.4497728279575,chr22/10_sample_430.fasta
431,chr22,10,16516,True,-2365.616092461797,chr22/10_sample_431.fasta
432,chr22,10,41879,True,-6099.702141662874,chr22/10_sample_432.fasta
433,chr22,10,9109,True,-1351.6397349077367,chr22/10_sample_433.fasta
434,chr22,10,875,True,-117.08413779988196,chr22/10_sample_434.fasta
435,chr22,10,3717,True,-510.92515855934073,chr22/10_sample_435.fasta
436,chr22,10,21816,True,-3198.0921207115384,chr22/10_sample_436.fasta
437,chr22,10,34,True,-1.7725887222397811,chr22/10_sample_437.fasta
438,chr22,10,14890,True,-2206.7790679788873,chr22/10_sample_438.fasta
439,chr22,10,20740,True,-2985.828559192012,chr22/10_sample_439.fasta
440,chr22,10,44040,True,-6458.267698017016,chr22/10_sample_440.fasta
441,chr22,10,3907,True,-582.5819862950812,chr22/10_sample_441.fasta
442,chr22,10,31635,True,-4548.885892016825,chr22/10_sample_442.fasta
443,chr22,10,31784,True,-4534.329801225077,chr22/10_sample_443.fasta
444,chr22,10,6616,True,-998.9435149060251,chr22/10_sample_444.fasta
445,chr22,10,119927,True,-17373.485782930824,chr22/10_sample_445.fasta
446,chr22,10,9949,True,-1453.4938054822826,chr22/10_sample_446.fasta
447,chr22,10,54715,True,-8080.572964494375,chr22/10_sample_447.fasta
448,chr22,10,4972,True,-697.5266352323674,chr22/10_sample_448.fasta
449,chr22,10,34,True,-1.7725887222397811,chr22/10_sample_449.fasta
450,chr22,10,20263,True,-2880.182505674429,chr22/10_sample_450.fasta
451,chr22,10,34,True,-1.7725887222397811,chr22/10_sample_451.fasta
452,chr22,10,1621,True,-219.57923955385436,chr22/10_sample_452.fasta
453,chr22,10,34541,True,-4992.436508673127,chr22/10_sample_453.fasta
454,chr22,10,20197,True,-2892.2536898163908,chr22/10_sample_454.fasta
455,chr22,10,75310,True,-11035.267636276383,chr22/10_sample_455.fasta
456,chr22,10,8956,True,-1248.5286159087282,chr22/10_sample_456.fasta
457,chr22,10,17085,True,-2507.149451365085,chr22/10_sample_457.fasta
458,chr22,10,2712,True,-423.52294677427005,chr22/10_sample_458.fasta
459,chr22,10,21667,True,-3214.0866218655738,chr22/10_sample_459.fasta
460,chr22,10,27737,True,-4059.402023241017,chr22/10_sample_460.fasta
461,chr22,10,34,True,-1.7725887222397811,chr22/10_sample_461.fasta
462,chr22,10,8870,True,-1301.3933398338324,chr22/10_sample_462.fasta
463,chr22,10,19163,True,-2726.120381519931,chr22/10_sample_463.fasta
464,chr22,10,14382,True,-2060.8512599209266,chr22/10_sample_464.fasta
465,chr22,10,39821,True,-5676.982417258774,chr22/10_sample_465.fasta
466,chr22,10,90646,True,-13271.033171483852,chr22/10_sample_466.fasta
467,chr22,10,32250,True,-4715.673782526119,chr22/10_sample_467.fasta
468,chr22,10,1945,True,-276.4308593931483,chr22/10_sample_468.fasta
469,chr22,10,13755,True,-2016.5555073996097,chr22/10_sample_469.fasta
470,chr22,10,133772,True,-19688.31074981754,chr22/10_sample_470.fasta
471,chr22,10,24249,True,-3527.5611346478954,chr22/10_sample_471.fasta
472,chr22,10,4611,True,-684.3047228005912,chr22/10_sample_472.fasta
473,chr22,10,30194,True,-4321.400194591717,chr22/10_sample_473.fasta
474,chr22,10,36953,True,-5432.56204252675,chr22/10_sample_474.fasta
475,chr22,10,22086,True,-3288.3054861866335,chr22/10_sample_475.fasta
476,chr22,10,224,True,-28.92311179973401,chr22/10_sample_476.fasta
477,chr22,10,112022,True,-16179.327635268466,chr22/10_sample_477.fasta
478,chr22,10,35310,True,-5045.915161710899,chr22/10_sample_478.fasta
479,chr22,10,17638,True,-2599.6528105187754,chr22/10_sample_479.fasta
480,chr22,10,56800,True,-8236.216295981198,chr22/10_sample_480.fasta
481,chr22,10,6165,True,-887.9993129163041,chr22/10_sample_481.fasta
482,chr22,10,17451,True,-2504.3362095427105,chr22/10_sample_482.fasta
483,chr22,10,87579,True,-12714.08263638712,chr22/10_sample_483.fasta
484,chr22,10,4430,True,-624.2093820964355,chr22/10_sample_484.fasta
485,chr22,10,6157,True,-929.2097807085491,chr22/10_sample_485.fasta
486,chr22,10,34,True,-1.7725887222397811,chr22/10_sample_486.fasta
487,chr22,10,1503,True,-207.32460534170974,chr22/10_sample_487.fasta
488,chr22,10,6013,True,-882.9638325822109,chr22/10_sample_488.fasta
489,chr22,10,30190,True,-4396.103742088785,chr22/10_sample_489.fasta
490,chr22,10,16865,True,-2396.7034835847207,chr22/10_sample_490.fasta
491,chr22,10,2233,True,-324.25801485178465,chr22/10_sample_491.fasta
492,chr22,10,46758,True,-6855.889238818544,chr22/10_sample_492.fasta
493,chr22,10,9156,True,-1349.8344244051282,chr22/10_sample_493.fasta
494,chr22,10,17072,True,-2562.9545749168524,chr22/10_sample_494.fasta
495,chr22,10,23807,True,-3470.0934975635523,chr22/10_sample_495.fasta
496,chr22,10,36377,True,-5330.644393050052,chr22/10_sample_496.fasta
497,chr22,10,4622,True,-704.0276279954783,chr22/10_sample_497.fasta
498,chr22,10,26070,True,-3860.6001164893114,chr22/10_sample_498.fasta
499,chr22,10,34295,True,-5065.101267728642,chr22/10_sample_499.fasta
500,chr22,10,11960,True,-1733.5794705619944,chr22/10_sample_500.fasta
501,chr22,10,48558,True,-7166.514032943094,chr22/10_sample_501.fasta
502,chr22,10,30055,True,-4395.319913939326,chr22/10_sample_502.fasta
503,chr22,10,39235,True,-5568.824355024653,chr22/10_sample_503.fasta
504,chr22,10,36479,True,-5251.140931290202,chr22/10_sample_504.fasta
505,chr22,10,47516,True,-6907.157116245604,chr22/10_sample_505.fasta
506,chr22,10,15413,True,-2229.156778860365,chr22/10_sample_506.fasta
507,chr22,10,45006,True,-6467.998860611601,chr22/10_sample_507.fasta
508,chr22,10,14403,True,-2080.1822510410916,chr22/10_sample_508.fasta
509,chr22,10,4696,True,-675.9212895993551,chr22/10_sample_509.fasta
510,chr22,10,22129,True,-3345.995138308904,chr22/10_sample_510.fasta
511,chr22,10,22533,True,-3222.4429530000407,chr22/10_sample_511.fasta
512,chr22,10,1711,True,-236.72446899767934,chr22/10_sample_512.fasta
513,chr22,10,8263,True,-1218.7253752770332,chr22/10_sample_513.fasta
514,chr22,10,24880,True,-3575.4789710754408,chr22/10_sample_514.fasta
515,chr22,10,20261,True,-3044.603272569583,chr22/10_sample_515.fasta
516,chr22,10,37702,True,-5454.480084166636,chr22/10_sample_516.fasta
517,chr22,10,6448,True,-883.7226467972879,chr22/10_sample_517.fasta
518,chr22,10,4225,True,-652.118719389006,chr22/10_sample_518.fasta
519,chr22,10,2570,True,-362.7209078561726,chr22/10_sample_519.fasta
520,chr22,10,27319,True,-3962.4541870638873,chr22/10_sample_520.fasta
521,chr22,10,23320,True,-3381.619775556552,chr22/10_sample_521.fasta
522,chr22,10,30465,True,-4379.966443964731,chr22/10_sample_522.fasta
523,chr22,10,46595,True,-6763.440083798346,chr22/10_sample_523.fasta
524,chr22,10,8191,True,-1220.1637856392904,chr22/10_sample_524.fasta
525,chr22,10,3459,True,-554.76332997141,chr22/10_sample_525.fasta
526,chr22,10,22836,True,-3213.2350385492177,chr22/10_sample_526.fasta
527,chr22,10,22929,True,-3319.417891243965,chr22/10_sample_527.fasta
528,chr22,10,41051,True,-5831.005976445534,chr22/10_sample_528.fasta
529,chr22,10,10458,True,-1518.2712774135618,chr22/10_sample_529.fasta
530,chr22,10,34,True,-1.7725887222397811,chr22/10_sample_530.fasta
531,chr22,10,34,True,-1.7725887222397811,chr22/10_sample_531.fasta
532,chr22,10,152868,True,-22212.991501508583,chr22/10_sample_532.fasta
533,chr22,10,34,True,-1.7725887222397811,chr22/10_sample_533.fasta
534,chr22,10,27060,True,-4057.2475398961983,chr22/10_sample_534.fasta
535,chr22,10,49847,True,-7321.871770489828,chr22/10_sample_535.fasta
536,chr22,10,53262,True,-7574.256562281578,chr22/10_sample_536.fasta
537,chr22,10,61761,True,-8946.17308417627,chr22/10_sample_537.fasta
538,chr22,10,134313,True,-19595.651042660487,chr22/10_sample_538.fasta
539,chr22,10,53667,True,-7810.870956089609,chr22/10_sample_539.fasta
540,chr22,10,76678,True,-11195.975638296424,chr22/10_sample_540.fasta
541,chr22,10,73179,True,-10731.2616179506,chr22/10_sample_541.fasta
542,chr22,10,22495,True,-3377.9320246158336,chr22/10_sample_542.fasta
543,chr22,10,6524,True,-1004.2666773125702,chr22/10_sample_543.fasta
544,chr22,10,2655,True,-372.4385194173901,chr22/10_sample_544.fasta
545,chr22,10,9554,True,-1373.0616304705754,chr22/10_sample_545.fasta
546,chr22,10,14340,True,-2036.6025715023268,chr22/10_sample_546.fasta
547,chr22,10,15114,True,-2193.2173574735184,chr22/10_sample_547.fasta
548,chr22,10,34,True,-1.7725887222397811,chr22/10_sample_548.fasta
549,chr22,10,14132,True,-2036.5775575679477,chr22/10_sample_549.fasta
550,chr22,10,25679,True,-3783.8285903515593,chr22/10_sample_550.fasta
551,chr22,10,42197,True,-6216.556333105082,chr22/10_sample_551.fasta
552,chr22,10,12970,True,-1808.5185841303633,chr22/10_sample_552.fasta
553,chr22,10,51415,True,-7467.328446405154,chr22/10_sample_553.fasta
554,chr22,10,3235,True,-469.74179283385206,chr22/10_sample_554.fasta
555,chr22,10,2533,True,-357.49051455090137,chr22/10_sample_555.fasta
556,chr22,10,27546,True,-4045.8173869336297,chr22/10_sample_556.fasta
557,chr22,10,3524,True,-523.7030409152494,chr22/10_sample_557.fasta
558,chr22,10,39910,True,-5835.361860632431,chr22/10_sample_558.fasta
559,chr22,10,25441,True,-3598.1422758970007,chr22/10_sample_559.fasta
560,chr22,10,34,True,-1.7725887222397811,chr22/10_sample_560.fasta
561,chr22,10,43292,True,-6212.855031130982,chr22/10_sample_561.fasta
562,chr22,10,17175,True,-2542.173710533435,chr22/10_sample_562.fasta
563,chr22,10,32025,True,-4647.7224330292,chr22/10_sample_563.fasta
564,chr22,10,8424,True,-1187.271084013764,chr22/10_sample_564.fasta
565,chr22,10,47333,True,-6762.94393772133,chr22/10_sample_565.fasta
566,chr22,10,32090,True,-4502.392914918163,chr22/10_sample_566.fasta
567,chr22,10,43194,True,-6106.803512505285,chr22/10_sample_567.fasta
568,chr22,10,11048,True,-1614.2403724700393,chr22/10_sample_568.fasta
569,chr22,10,27166,True,-3886.6655783115257,chr22/10_sample_569.fasta
570,chr22,10,15337,True,-2254.61977447091,chr22/10_sample_570.fasta
571,chr22,10,15082,True,-2231.6666994445304,chr22/10_sample_571.fasta
572,chr22,10,30929,True,-4454.198859319161,chr22/10_sample_572.fasta
573,chr22,10,8493,True,-1220.372249643843,chr22/10_sample_573.fasta
574,chr22,10,61454,True,-9007.666182142555,chr22/10_sample_574.fasta
575,chr22,10,24183,True,-3556.578458997771,chr22/10_sample_575.fasta
576,chr22,10,615,True,-115.47582840082762,chr22/10_sample_576.fasta
577,chr22,10,19438,True,-2867.182608280584,chr22/10_sample_577.fasta
578,chr22,10,21891,True,-3152.1724196254268,chr22/10_sample_578.fasta
579,chr22,10,19603,True,-2772.7040395874724,chr22/10_sample_579.fasta
580,chr22,10,72682,True,-10540.356373091772,chr22/10_sample_580.fasta
581,chr22,10,116809,True,-17001.118773736074,chr22/10_sample_581.fasta
582,chr22,10,34,True,-1.7725887222397811,chr22/10_sample_582.fasta
583,chr22,10,39465,True,-5606.045838770334,chr22/10_sample_583.fasta
584,chr22,10,3089,True,-473.14186170213446,chr22/10_sample_584.fasta
585,chr22,10,46442,True,-6929.953843268542,chr22/10_sample_585.fasta
586,chr22,10,569,True,-77.62686450910401,chr22/10_sample_586.fasta
587,chr22,10,6156,True,-874.6460664154931,chr22/10_sample_587.fasta
588,chr22,10,33650,True,-4847.67297993835,chr22/10_sample_588.fasta
589,chr22,10,2880,True,-418.7615974792502,chr22/10_sample_589.fasta
590,chr22,10,46705,True,-6713.216614526449,chr22/10_sample_590.fasta
591,chr22,10,50320,True,-7234.925051681613,chr22/10_sample_591.fasta
592,chr22,10,10344,True,-1573.2519197157264,chr22/10_sample_592.fasta
593,chr22,10,21945,True,-3261.1278610423815,chr22/10_sample_593.fasta
594,chr22,10,4902,True,-713.770253491076,chr22/10_sample_594.fasta
595,chr22,10,2879,True,-414.1586843200216,chr22/10_sample_595.fasta
596,chr22,10,1652,True,-249.4366843190711,chr22/10_sample_596.fasta
597,chr22,10,17096,True,-2541.1657792136675,chr22/10_sample_597.fasta
598,chr22,10,27890,True,-4014.3495446369743,chr22/10_sample_598.fasta
599,chr22,10,90945,True,-13207.003050866611,chr22/10_sample_599.fasta
600,chr22,10,5524,True,-786.5778095166241,chr22/10_sample_600.fasta
601,chr22,10,86539,True,-12517.772922921497,chr22/10_sample_601.fasta
602,chr22,10,4672,True,-667.4200733624631,chr22/10_sample_602.fasta
603,chr22,10,964,True,-141.12227408154567,chr22/10_sample_603.fasta
604,chr22,10,20275,True,-2974.7788574031815,chr22/10_sample_604.fasta
605,chr22,10,9556,True,-1370.13269374492,chr22/10_sample_605.fasta
606,chr22,10,6903,True,-1026.9049681997328,chr22/10_sample_606.fasta
607,chr22,10,39386,True,-5754.252177605892,chr22/10_sample_607.fasta
608,chr22,10,34,True,-1.7725887222397811,chr22/10_sample_608.fasta
609,chr22,10,45322,True,-6611.600198155568,chr22/10_sample_609.fasta
610,chr22,10,10364,True,-1510.567440359505,chr22/10_sample_610.fasta
611,chr22,10,31297,True,-4627.802526730769,chr22/10_sample_611.fasta
612,chr22,10,34,True,-1.7725887222397811,chr22/10_sample_612.fasta
613,chr22,10,947,True,-135.45931360140972,chr22/10_sample_613.fasta
614,chr22,10,68341,True,-9939.864723424076,chr22/10_sample_614.fasta
615,chr22,10,22652,True,-3436.457620888692,chr22/10_sample_615.fasta
616,chr22,10,22623,True,-3279.5165878772855,chr22/10_sample_616.fasta
617,chr22,10,13433,True,-1899.6992278250589,chr22/10_sample_617.fasta
618,chr22,10,90156,True,-13127.01699406312,chr22/10_sample_618.fasta
619,chr22,10,21969,True,-3144.115233464405,chr22/10_sample_619.fasta
620,chr22,10,6008,True,-900.52807816752,chr22/10_sample_620.fasta
621,chr22,10,34,True,-1.7725887222397811,chr22/10_sample_621.fasta
622,chr22,10,8993,True,-1311.6727645065741,chr22/10_sample_622.fasta
623,chr22,10,3986,True,-580.8423428269917,chr22/10_sample_623.fasta
624,chr22,10,2676,True,-369.19479855252484,chr22/10_sample_624.fasta
625,chr22,10,25813,True,-3728.7030629469714,chr22/10_sample_625.fasta
626,chr22,10,15212,True,-2169.4398011975445,chr22/10_sample_626.fasta
627,chr22,10,4497,True,-617.0423442195247,chr22/10_sample_627.fasta
628,chr22,10,53962,True,-7842.547262390824,chr22/10_sample_628.fasta
629,chr22,10,6526,True,-913.2017285211542,chr22/10_sample_629.fasta
630,chr22,10,53636,True,-7962.201144622021,chr22/10_sample_630.fasta
631,chr22,10,34,True,-1.7725887222397811,chr22/10_sample_631.fasta
632,chr22,10,54542,True,-7981.280930505126,chr22/10_sample_632.fasta
633,chr22,10,22354,True,-3204.890170315752,chr22/10_sample_633.fasta
634,chr22,10,8169,True,-1167.9015279258479,chr22/10_sample_634.fasta
635,chr22,10,18227,True,-2680.1235504982624,chr22/10_sample_635.fasta
636,chr22,10,396,True,-62.0899444643334,chr22/10_sample_636.fasta
637,chr22,10,6233,True,-982.0067494667564,chr22/10_sample_637.fasta
638,chr22,10,5327,True,-780.9012980031097,chr22/10_sample_638.fasta
639,chr22,10,47740,True,-6909.877588966715,chr22/10_sample_639.fasta
640,chr22,10,2449,True,-329.0058131134262,chr22/10_sample_640.fasta
641,chr22,10,16652,True,-2396.664918616956,chr22/10_sample_641.fasta
642,chr22,10,3021,True,-440.6025091835777,chr22/10_sample_642.fasta
643,chr22,10,8728,True,-1369.3082124953235,chr22/10_sample_643.fasta
644,chr22,10,58161,True,-8404.039219876975,chr22/10_sample_644.fasta
645,chr22,10,26548,True,-3844.931862375492,chr22/10_sample_645.fasta
646,chr22,10,29850,True,-4338.808092173604,chr22/10_sample_646.fasta
647,chr22,10,16391,True,-2442.9744456454387,chr22/10_sample_647.fasta
648,chr22,10,45596,True,-6677.541949410051,chr22/10_sample_648.fasta
649,chr22,10,21301,True,-3091.2140327038974,chr22/10_sample_649.fasta
650,chr22,10,12969,True,-1850.3429810352684,chr22/10_sample_650.fasta
651,chr22,10,15766,True,-2309.063617595945,chr22/10_sample_651.fasta
652,chr22,10,57949,True,-8386.10807415133,chr22/10_sample_652.fasta
653,chr22,10,8343,True,-1213.3751108037286,chr22/10_sample_653.fasta
654,chr22,10,22710,True,-3310.447630996794,chr22/10_sample_654.fasta
655,chr22,10,53930,True,-7757.419405118604,chr22/10_sample_655.fasta
656,chr22,10,41733,True,-5974.815777994038,chr22/10_sample_656.fasta
657,chr22,10,25008,True,-3621.999050240868,chr22/10_sample_657.fasta
658,chr22,10,40182,True,-5955.423296104105,chr22/10_sample_658.fasta
659,chr22,10,52339,True,-7665.29649713862,chr22/10_sample_659.fasta
660,chr22,10,95478,True,-13956.154444214404,chr22/10_sample_660.fasta
661,chr22,10,3132,True,-436.4571771335963,chr22/10_sample_661.fasta
662,chr22,10,34,True,-1.7725887222397811,chr22/10_sample_662.fasta
663,chr22,10,27317,True,-3951.218947072511,chr22/10_sample_663.fasta
664,chr22,10,23563,True,-3443.5204267633226,chr22/10_sample_664.fasta
665,chr22,10,71804,True,-10550.769219965909,chr22/10_sample_665.fasta
666,chr22,10,101138,True,-14887.920418321037,chr22/10_sample_666.fasta
667,chr22,10,3566,True,-496.8266488768291,chr22/10_sample_667.fasta
668,chr22,10,56111,True,-8038.3274633156225,chr22/10_sample_668.fasta
669,chr22,10,57419,True,-8386.316538155887,chr22/10_sample_669.fasta
670,chr22,10,625,True,-81.55018152115092,chr22/10_sample_670.fasta
671,chr22,10,1170,True,-170.6534718065499,chr22/10_sample_671.fasta
672,chr22,10,5696,True,-769.7452760796332,chr22/10_sample_672.fasta
673,chr22,10,2503,True,-369.39179965607684,chr22/10_sample_673.fasta
674,chr22,10,438,True,-62.95299068168873,chr22/10_sample_674.fasta
675,chr22,10,12134,True,-1728.1635390541744,chr22/10_sample_675.fasta
676,chr22,10,196,True,-29.39424394235955,chr22/10_sample_676.fasta
677,chr22,10,35660,True,-5287.877731859875,chr22/10_sample_677.fasta
678,chr22,10,1875,True,-234.7106944905168,chr22/10_sample_678.fasta
679,chr22,10,27190,True,-4054.2623109046494,chr22/10_sample_679.fasta
680,chr22,10,9838,True,-1487.0796542883663,chr22/10_sample_680.fasta
681,chr22,10,12923,True,-1887.2361296083616,chr22/10_sample_681.fasta
682,chr22,10,6643,True,-953.0123509188968,chr22/10_sample_682.fasta
683,chr22,10,34075,True,-5105.211035099861,chr22/10_sample_683.fasta
684,chr22,10,627,True,-100.10880739285243,chr22/10_sample_684.fasta
685,chr22,10,21476,True,-3185.3257012566396,chr22/10_sample_685.fasta
686,chr22,10,4445,True,-646.4693099422494,chr22/10_sample_686.fasta
687,chr22,10,15772,True,-2289.4334815023276,chr22/10_sample_687.fasta
688,chr22,10,35108,True,-5176.972094837889,chr22/10_sample_688.fasta
689,chr22,10,4655,True,-657.5325627644506,chr22/10_sample_689.fasta
690,chr22,10,18363,True,-2720.3146240697347,chr22/10_sample_690.fasta
691,chr22,10,1974,True,-257.9900165571032,chr22/10_sample_691.fasta
692,chr22,10,23255,True,-3535.5776677087824,chr22/10_sample_692.fasta
693,chr22,10,22661,True,-3208.657139324371,chr22/10_sample_693.fasta
694,chr22,10,7007,True,-1011.7985271974524,chr22/10_sample_694.fasta
695,chr22,10,30861,True,-4444.585479760232,chr22/10_sample_695.fasta
696,chr22,10,10451,True,-1578.1039499796464,chr22/10_sample_696.fasta
697,chr22,10,60949,True,-8781.58241824432,chr22/10_sample_697.fasta
698,chr22,10,48422,True,-7002.600875025973,chr22/10_sample_698.fasta
699,chr22,10,23491,True,-3466.9675597343366,chr22/10_sample_699.fasta
700,chr22,10,25222,True,-3694.190589021388,chr22/10_sample_700.fasta
701,chr22,10,33481,True,-4847.21539882911,chr22/10_sample_701.fasta
702,chr22,10,1876,True,-280.3020604040562,chr22/10_sample_702.fasta
703,chr22,10,10075,True,-1464.7019434068973,chr22/10_sample_703.fasta
704,chr22,10,49080,True,-7173.81449302139,chr22/10_sample_704.fasta
705,chr22,10,105183,True,-15277.813108134127,chr22/10_sample_705.fasta
706,chr22,10,71903,True,-10343.384790777043,chr22/10_sample_706.fasta
707,chr22,10,17157,True,-2492.4099105031437,chr22/10_sample_707.fasta
708,chr22,10,483,True,-76.88160132740505,chr22/10_sample_708.fasta
709,chr22,10,34,True,-1.7725887222397811,chr22/10_sample_709.fasta
710,chr22,10,34,True,-1.7725887222397811,chr22/10_sample_710.fasta
711,chr22,10,34,True,-1.7725887222397811,chr22/10_sample_711.fasta
712,chr22,10,77767,True,-11337.624692103003,chr22/10_sample_712.fasta
713,chr22,10,4059,True,-610.359989518616,chr22/10_sample_713.fasta
714,chr22,10,66360,True,-9789.925005517483,chr22/10_sample_714.fasta
715,chr22,10,12920,True,-1867.60599351475,chr22/10_sample_715.fasta
716,chr22,10,34699,True,-5072.828030584733,chr22/10_sample_716.fasta
717,chr22,10,7797,True,-1149.134438049591,chr22/10_sample_717.fasta
718,chr22,10,57283,True,-8402.42882234559,chr22/10_sample_718.fasta
719,chr22,10,23377,True,-3339.2314774077417,chr22/10_sample_719.fasta
720,chr22,10,1566,True,-228.76005193792906,chr22/10_sample_720.fasta
721,chr22,10,30085,True,-4423.8723705437005,chr22/10_sample_721.fasta
722,chr22,10,11330,True,-1607.3589285331975,chr22/10_sample_722.fasta
723,chr22,10,43868,True,-6249.514701765116,chr22/10_sample_723.fasta
724,chr22,10,18371,True,-2786.763984302226,chr22/10_sample_724.fasta
725,chr22,10,31963,True,-4600.518581451866,chr22/10_sample_725.fasta
726,chr22,10,30504,True,-4495.277993042385,chr22/10_sample_726.fasta
727,chr22,10,5275,True,-715.4442299246489,chr22/10_sample_727.fasta
728,chr22,10,8093,True,-1220.0324515702548,chr22/10_sample_728.fasta
729,chr22,10,26402,True,-3822.3978034906027,chr22/10_sample_729.fasta
730,chr22,10,10788,True,-1538.816575725666,chr22/10_sample_730.fasta
731,chr22,10,15300,True,-2181.9435525143826,chr22/10_sample_731.fasta
732,chr22,10,28505,True,-4088.162943849943,chr22/10_sample_732.fasta
733,chr22,10,48539,True,-7055.32280198103,chr22/10_sample_733.fasta
734,chr22,10,19905,True,-2830.40515461077,chr22/10_sample_734.fasta
735,chr22,10,68402,True,-9960.489239804077,chr22/10_sample_735.fasta
736,chr22,10,28435,True,-4237.4501676760565,chr22/10_sample_736.fasta
737,chr22,10,51186,True,-7381.049860843119,chr22/10_sample_737.fasta
738,chr22,10,2558,True,-327.3318366798546,chr22/10_sample_738.fasta
739,chr22,10,46237,True,-6594.203763474697,chr22/10_sample_739.fasta
740,chr22,10,37414,True,-5420.531511484923,chr22/10_sample_740.fasta
741,chr22,10,6411,True,-916.0785492456699,chr22/10_sample_741.fasta
742,chr22,10,99079,True,-14391.144441996366,chr22/10_sample_742.fasta
743,chr22,10,15817,True,-2348.8763281260744,chr22/10_sample_743.fasta
744,chr22,10,102847,True,-14750.636623470018,chr22/10_sample_744.fasta
745,chr22,10,50939,True,-7453.5332579608385,chr22/10_sample_745.fasta
746,chr22,10,30243,True,-4302.032726636171,chr22/10_sample_746.fasta
747,chr22,10,19461,True,-2860.826500619879,chr22/10_sample_747.fasta
748,chr22,10,5370,True,-815.4544250288283,chr22/10_sample_748.fasta
749,chr22,10,18626,True,-2621.688635194287,chr22/10_sample_749.fasta
750,chr22,10,42977,True,-6122.90224566157,chr22/10_sample_750.fasta
751,chr22,10,4265,True,-581.2478079350997,chr22/10_sample_751.fasta
752,chr22,10,82406,True,-11984.32163679692,chr22/10_sample_752.fasta
753,chr22,10,24902,True,-3645.5525033465256,chr22/10_sample_753.fasta
754,chr22,10,11052,True,-1593.8243200945913,chr22/10_sample_754.fasta
755,chr22,10,896,True,-117.03202179874293,chr22/10_sample_755.fasta
756,chr22,10,2351,True,-335.75383484885197,chr22/10_sample_756.fasta
757,chr22,10,15879,True,-2318.4164171491957,chr22/10_sample_757.fasta
758,chr22,10,12790,True,-1811.32973782036,chr22/10_sample_758.fasta
759,chr22,10,18637,True,-2790.152590269512,chr22/10_sample_759.fasta
760,chr22,10,29328,True,-4418.220872964549,chr22/10_sample_760.fasta
761,chr22,10,34,True,-1.7725887222397811,chr22/10_sample_761.fasta
762,chr22,10,1135,True,-170.1823396639244,chr22/10_sample_762.fasta
763,chr22,10,6486,True,-945.3220648982207,chr22/10_sample_763.fasta
764,chr22,10,46137,True,-6783.294323062247,chr22/10_sample_764.fasta
765,chr22,10,21783,True,-3087.2907156918495,chr22/10_sample_765.fasta
766,chr22,10,34518,True,-5005.098696125744,chr22/10_sample_766.fasta
767,chr22,10,5504,True,-739.9785122833163,chr22/10_sample_767.fasta
768,chr22,10,34,True,-1.7725887222397811,chr22/10_sample_768.fasta
769,chr22,10,16864,True,-2392.725962439164,chr22/10_sample_769.fasta
770,chr22,10,99916,True,-14358.523783277567,chr22/10_sample_770.fasta
771,chr22,10,22177,True,-3315.6123572675624,chr22/10_sample_771.fasta
772,chr22,10,11064,True,-1584.0160275644757,chr22/10_sample_772.fasta
773,chr22,10,34,True,-1.7725887222397811,chr22/10_sample_773.fasta
774,chr22,10,53856,True,-7690.904377851587,chr22/10_sample_774.fasta
775,chr22,10,3649,True,-511.91953884573076,chr22/10_sample_775.fasta
776,chr22,10,18846,True,-2779.336366419633,chr22/10_sample_776.fasta
777,chr22,10,33735,True,-5064.643686619408,chr22/10_sample_777.fasta
778,chr22,10,70662,True,-10332.777030931727,chr22/10_sample_778.fasta
779,chr22,10,13503,True,-2014.5396447600674,chr22/10_sample_779.fasta
780,chr22,10,62280,True,-8984.375397174967,chr22/10_sample_780.fasta
781,chr22,10,30582,True,-4345.15064880093,chr22/10_sample_781.fasta
782,chr22,10,1072,True,-135.9168947106569,chr22/10_sample_782.fasta
783,chr22,10,22389,True,-3334.2116362393913,chr22/10_sample_783.fasta
784,chr22,10,12787,True,-1799.2314516116346,chr22/10_sample_784.fasta
785,chr22,10,8388,True,-1202.2211770126266,chr22/10_sample_785.fasta
786,chr22,10,15744,True,-2283.706942120053,chr22/10_sample_786.fasta
787,chr22,10,1281,True,-185.02611252813506,chr22/10_sample_787.fasta
788,chr22,10,35848,True,-5285.746174317059,chr22/10_sample_788.fasta
789,chr22,10,4220,True,-647.7378212677127,chr22/10_sample_789.fasta
790,chr22,10,34248,True,-5014.578653483271,chr22/10_sample_790.fasta
791,chr22,10,12187,True,-1801.5735612913832,chr22/10_sample_791.fasta
792,chr22,10,18493,True,-2723.0986756929888,chr22/10_sample_792.fasta
793,chr22,10,1013,True,-136.10034478083062,chr22/10_sample_793.fasta
794,chr22,10,655,True,-96.98286956364349,chr22/10_sample_794.fasta
795,chr22,10,1764,True,-240.49143800630912,chr22/10_sample_795.fasta
796,chr22,10,333,True,-47.533853672574516,chr22/10_sample_796.fasta
797,chr22,10,34477,True,-5047.759037181271,chr22/10_sample_797.fasta
798,chr22,10,162,True,-21.82174095733917,chr22/10_sample_798.fasta
799,chr22,10,15716,True,-2311.8768594183266,chr22/10_sample_799.fasta
800,chr22,10,19544,True,-2898.634811411479,chr22/10_sample_800.fasta
801,chr22,10,751,True,-105.13073669356746,chr22/10_sample_801.fasta
802,chr22,10,25928,True,-3771.4061452349943,chr22/10_sample_802.fasta
803,chr22,10,9964,True,-1418.8228954209076,chr22/10_sample_803.fasta
804,chr22,10,2215,True,-345.64134544686493,chr22/10_sample_804.fasta
805,chr22,10,3493,True,-482.89803823111276,chr22/10_sample_805.fasta
806,chr22,10,1684,True,-250.19549853414838,chr22/10_sample_806.fasta
807,chr22,10,25925,True,-3727.1604205824415,chr22/10_sample_807.fasta
808,chr22,10,19262,True,-2814.08440641654,chr22/10_sample_808.fasta
809,chr22,10,53732,True,-7767.042159446201,chr22/10_sample_809.fasta
810,chr22,10,35111,True,-5073.498251963253,chr22/10_sample_810.fasta
811,chr22,10,57570,True,-8424.598069222478,chr22/10_sample_811.fasta
812,chr22,10,8720,True,-1204.481980492104,chr22/10_sample_812.fasta
813,chr22,10,1961,True,-266.3734497583399,chr22/10_sample_813.fasta
814,chr22,10,9789,True,-1441.1599532022392,chr22/10_sample_814.fasta
815,chr22,10,5994,True,-902.4126067380237,chr22/10_sample_815.fasta
816,chr22,10,15044,True,-2129.64272983317,chr22/10_sample_816.fasta
817,chr22,10,7141,True,-1045.8284060794053,chr22/10_sample_817.fasta
818,chr22,10,2212,True,-303.05813432687813,chr22/10_sample_818.fasta
819,chr22,10,126053,True,-18357.865275723452,chr22/10_sample_819.fasta
820,chr22,10,49997,True,-7403.572456826987,chr22/10_sample_820.fasta
821,chr22,10,19503,True,-2781.572155964721,chr22/10_sample_821.fasta
822,chr22,10,4248,True,-598.4837183478227,chr22/10_sample_822.fasta
823,chr22,10,62535,True,-9278.887907109829,chr22/10_sample_823.fasta
824,chr22,10,48304,True,-6974.550828895717,chr22/10_sample_824.fasta
825,chr22,10,5008,True,-730.679916863588,chr22/10_sample_825.fasta
826,chr22,10,8127,True,-1174.9122177993427,chr22/10_sample_826.fasta
827,chr22,10,34,True,-1.7725887222397811,chr22/10_sample_827.fasta
828,chr22,10,21352,True,-3169.761679145125,chr22/10_sample_828.fasta
829,chr22,10,40593,True,-5947.887269954478,chr22/10_sample_829.fasta
830,chr22,10,34,True,-1.7725887222397811,chr22/10_sample_830.fasta
831,chr22,10,34,True,-1.7725887222397811,chr22/10_sample_831.fasta
832,chr22,10,34,True,-1.7725887222397811,chr22/10_sample_832.fasta
833,chr22,10,5263,True,-754.6794881774912,chr22/10_sample_833.fasta
834,chr22,10,4647,True,-657.4418817955509,chr22/10_sample_834.fasta
835,chr22,10,48626,True,-6961.328916463933,chr22/10_sample_835.fasta
836,chr22,10,2269,True,-318.37303933371425,chr22/10_sample_836.fasta
837,chr22,10,15340,True,-2207.7598972319015,chr22/10_sample_837.fasta
838,chr22,10,18154,True,-2678.9071551739353,chr22/10_sample_838.fasta
839,chr22,10,26301,True,-3811.7129137097445,chr22/10_sample_839.fasta
840,chr22,10,5607,True,-843.2324282523617,chr22/10_sample_840.fasta
841,chr22,10,76849,True,-11117.897035865448,chr22/10_sample_841.fasta
842,chr22,10,41797,True,-6072.5380675520055,chr22/10_sample_842.fasta
843,chr22,10,11460,True,-1747.5601972088514,chr22/10_sample_843.fasta
844,chr22,10,35572,True,-5141.947835669547,chr22/10_sample_844.fasta
845,chr22,10,50268,True,-7156.0532463325335,chr22/10_sample_845.fasta
846,chr22,10,80414,True,-11804.810068065228,chr22/10_sample_846.fasta
847,chr22,10,34,True,-1.7725887222397811,chr22/10_sample_847.fasta
848,chr22,10,40540,True,-5950.245018799954,chr22/10_sample_848.fasta
849,chr22,10,74059,True,-10845.569411973232,chr22/10_sample_849.fasta
850,chr22,10,25023,True,-3685.023327670679,chr22/10_sample_850.fasta
851,chr22,10,8981,True,-1316.2100106312837,chr22/10_sample_851.fasta
852,chr22,10,62647,True,-9242.687905717288,chr22/10_sample_852.fasta
853,chr22,10,139995,True,-20464.012288161706,chr22/10_sample_853.fasta
854,chr22,10,1947,True,-304.0525146132681,chr22/10_sample_854.fasta
855,chr22,10,25057,True,-3730.7189255865046,chr22/10_sample_855.fasta
856,chr22,10,53031,True,-7768.301296003,chr22/10_sample_856.fasta
857,chr22,10,29625,True,-4333.249363695752,chr22/10_sample_857.fasta
858,chr22,10,42382,True,-6304.980027243317,chr22/10_sample_858.fasta
859,chr22,10,48268,True,-6933.535274074641,chr22/10_sample_859.fasta
860,chr22,10,34,True,-1.7725887222397811,chr22/10_sample_860.fasta
861,chr22,10,7910,True,-1071.3435176910866,chr22/10_sample_861.fasta
862,chr22,10,1556,True,-252.35415814372388,chr22/10_sample_862.fasta
863,chr22,10,29729,True,-4249.301424912454,chr22/10_sample_863.fasta
864,chr22,10,6279,True,-884.5721419812645,chr22/10_sample_864.fasta
865,chr22,10,7731,True,-1125.619549911692,chr22/10_sample_865.fasta
866,chr22,10,4747,True,-707.2442467935863,chr22/10_sample_866.fasta
867,chr22,10,1041,True,-135.79911167500052,chr22/10_sample_867.fasta
868,chr22,10,32499,True,-4610.2111790786885,chr22/10_sample_868.fasta
869,chr22,10,12419,True,-1862.5840642140372,chr22/10_sample_869.fasta
870,chr22,10,54900,True,-8052.285264160466,chr22/10_sample_870.fasta
871,chr22,10,46371,True,-6668.032801853373,chr22/10_sample_871.fasta
872,chr22,10,22797,True,-3320.9740846418526,chr22/10_sample_872.fasta
873,chr22,10,28944,True,-4248.934524772127,chr22/10_sample_873.fasta
874,chr22,10,21040,True,-3080.3206789184915,chr22/10_sample_874.fasta
875,chr22,10,1062,True,-152.90577615106474,chr22/10_sample_875.fasta
876,chr22,10,1551,True,-201.9493269340256,chr22/10_sample_876.fasta
877,chr22,10,8890,True,-1288.5362394100275,chr22/10_sample_877.fasta
878,chr22,10,21222,True,-3089.1074890954587,chr22/10_sample_878.fasta
879,chr22,10,24017,True,-3486.140114718724,chr22/10_sample_879.fasta
880,chr22,10,34608,True,-5002.797239546125,chr22/10_sample_880.fasta
881,chr22,10,34,True,-1.7725887222397811,chr22/10_sample_881.fasta
882,chr22,10,14097,True,-2021.1063045576975,chr22/10_sample_882.fasta
883,chr22,10,34,True,-1.7725887222397811,chr22/10_sample_883.fasta
884,chr22,10,30194,True,-4363.525824602466,chr22/10_sample_884.fasta
885,chr22,10,9135,True,-1403.011844337065,chr22/10_sample_885.fasta
886,chr22,10,20515,True,-3000.7651011574985,chr22/10_sample_886.fasta
887,chr22,10,12985,True,-1877.9510852220112,chr22/10_sample_887.fasta
888,chr22,10,54389,True,-7777.978254464105,chr22/10_sample_888.fasta
889,chr22,10,1927,True,-264.7515893259073,chr22/10_sample_889.fasta
890,chr22,10,281,True,-32.6244137738465,chr22/10_sample_890.fasta
891,chr22,10,65748,True,-9515.15832657956,chr22/10_sample_891.fasta
892,chr22,10,34,True,-1.7725887222397811,chr22/10_sample_892.fasta
893,chr22,10,8839,True,-1257.684414358421,chr22/10_sample_893.fasta
894,chr22,10,21359,True,-3175.870757833495,chr22/10_sample_894.fasta
895,chr22,10,29481,True,-4214.5783988499325,chr22/10_sample_895.fasta
896,chr22,10,11872,True,-1685.4239799307738,chr22/10_sample_896.fasta
897,chr22,10,5478,True,-788.9178310639979,chr22/10_sample_897.fasta
898,chr22,10,33670,True,-4827.2704785962915,chr22/10_sample_898.fasta
899,chr22,10,3322,True,-508.8457170176609,chr22/10_sample_899.fasta
900,chr22,10,6058,True,-855.8133095047173,chr22/10_sample_900.fasta
901,chr22,10,3096,True,-457.77484069415925,chr22/10_sample_901.fasta
902,chr22,10,10952,True,-1577.8819349417097,chr22/10_sample_902.fasta
903,chr22,10,68309,True,-10031.87193650074,chr22/10_sample_903.fasta
904,chr22,10,4157,True,-569.9083359414495,chr22/10_sample_904.fasta
905,chr22,10,63532,True,-9031.80855042651,chr22/10_sample_905.fasta
906,chr22,10,14670,True,-2016.9724354087173,chr22/10_sample_906.fasta
907,chr22,10,24451,True,-3511.1205152856246,chr22/10_sample_907.fasta
908,chr22,10,34565,True,-4962.592614941266,chr22/10_sample_908.fasta
909,chr22,10,32814,True,-4769.204551565023,chr22/10_sample_909.fasta
910,chr22,10,50878,True,-7445.645970836598,chr22/10_sample_910.fasta
911,chr22,10,27693,True,-4101.855988424349,chr22/10_sample_911.fasta
912,chr22,10,38970,True,-5543.5698234186675,chr22/10_sample_912.fasta
913,chr22,10,3631,True,-498.1472762034316,chr22/10_sample_913.fasta
914,chr22,10,2486,True,-383.35897526955387,chr22/10_sample_914.fasta
915,chr22,10,20651,True,-2943.6372621467485,chr22/10_sample_915.fasta
916,chr22,10,26835,True,-3913.9338844246636,chr22/10_sample_916.fasta
917,chr22,10,34422,True,-4920.650435000714,chr22/10_sample_917.fasta
918,chr22,10,28919,True,-4196.581586089771,chr22/10_sample_918.fasta
919,chr22,10,8529,True,-1252.3883540186332,chr22/10_sample_919.fasta
920,chr22,10,96178,True,-13997.469144008903,chr22/10_sample_920.fasta
921,chr22,10,34,True,-1.7725887222397811,chr22/10_sample_921.fasta
922,chr22,10,17015,True,-2478.859662898784,chr22/10_sample_922.fasta
923,chr22,10,53428,True,-7739.293346421756,chr22/10_sample_923.fasta
924,chr22,10,11279,True,-1611.454232714419,chr22/10_sample_924.fasta
925,chr22,10,45786,True,-6714.813461024502,chr22/10_sample_925.fasta
926,chr22,10,14616,True,-2187.9984270692466,chr22/10_sample_926.fasta
927,chr22,10,34,True,-1.7725887222397811,chr22/10_sample_927.fasta
928,chr22,10,1875,True,-264.3461242177991,chr22/10_sample_928.fasta
929,chr22,10,38365,True,-5537.489934929401,chr22/10_sample_929.fasta
930,chr22,10,80576,True,-11650.994972883047,chr22/10_sample_930.fasta
931,chr22,10,18649,True,-2614.299582279447,chr22/10_sample_931.fasta
932,chr22,10,2801,True,-414.66838143040786,chr22/10_sample_932.fasta
933,chr22,10,9447,True,-1418.952141357566,chr22/10_sample_933.fasta
934,chr22,10,14684,True,-2083.2675357701637,chr22/10_sample_934.fasta
935,chr22,10,34,True,-1.7725887222397811,chr22/10_sample_935.fasta
936,chr22,10,17431,True,-2506.9003342603896,chr22/10_sample_936.fasta
937,chr22,10,2257,True,-306.06628912043067,chr22/10_sample_937.fasta
938,chr22,10,2592,True,-413.56976914173976,chr22/10_sample_938.fasta
939,chr22,10,620,True,-80.68713530379559,chr22/10_sample_939.fasta
940,chr22,10,34,True,-1.7725887222397811,chr22/10_sample_940.fasta
941,chr22,10,566,True,-82.88435988113181,chr22/10_sample_941.fasta
942,chr22,10,27351,True,-3859.6057362029105,chr22/10_sample_942.fasta
943,chr22,10,22678,True,-3196.6651732503024,chr22/10_sample_943.fasta
944,chr22,10,46619,True,-6741.429273057211,chr22/10_sample_944.fasta
945,chr22,10,5398,True,-790.7617065343654,chr22/10_sample_945.fasta
946,chr22,10,29698,True,-4344.683692923042,chr22/10_sample_946.fasta
947,chr22,10,40912,True,-5954.374711684196,chr22/10_sample_947.fasta
948,chr22,10,28104,True,-4155.296076494365,chr22/10_sample_948.fasta
949,chr22,10,34,True,-1.7725887222397811,chr22/10_sample_949.fasta
950,chr22,10,10280,True,-1528.7727171242361,chr22/10_sample_950.fasta
951,chr22,10,7063,True,-964.3768368469291,chr22/10_sample_951.fasta
952,chr22,10,34482,True,-4911.288260678821,chr22/10_sample_952.fasta
953,chr22,10,77883,True,-11307.581709135256,chr22/10_sample_953.fasta
954,chr22,10,18652,True,-2707.602408748354,chr22/10_sample_954.fasta
955,chr22,10,13845,True,-1992.961401193811,chr22/10_sample_955.fasta
956,chr22,10,19198,True,-2654.4229006840283,chr22/10_sample_956.fasta
957,chr22,10,5632,True,-830.9392290724587,chr22/10_sample_957.fasta
958,chr22,10,9679,True,-1415.1601584145542,chr22/10_sample_958.fasta
959,chr22,10,37823,True,-5518.240250009514,chr22/10_sample_959.fasta
960,chr22,10,28431,True,-4177.107797999564,chr22/10_sample_960.fasta
961,chr22,10,68915,True,-9894.497460680823,chr22/10_sample_961.fasta
962,chr22,10,106022,True,-15502.945232978484,chr22/10_sample_962.fasta
963,chr22,10,2013,True,-316.868961936938,chr22/10_sample_963.fasta
964,chr22,10,14440,True,-2000.7309052823896,chr22/10_sample_964.fasta
965,chr22,10,2797,True,-351.1073048234489,chr22/10_sample_965.fasta
966,chr22,10,16181,True,-2354.079619364588,chr22/10_sample_966.fasta
967,chr22,10,21787,True,-3149.1642648318684,chr22/10_sample_967.fasta
968,chr22,10,61040,True,-9046.969195562278,chr22/10_sample_968.fasta
969,chr22,10,20736,True,-2942.697085993873,chr22/10_sample_969.fasta
970,chr22,10,34,True,-1.7725887222397811,chr22/10_sample_970.fasta
971,chr22,10,14018,True,-2089.9498904710704,chr22/10_sample_971.fasta
972,chr22,10,39724,True,-5779.386838043857,chr22/10_sample_972.fasta
973,chr22,10,37136,True,-5459.032969457071,chr22/10_sample_973.fasta
974,chr22,10,34,True,-1.7725887222397811,chr22/10_sample_974.fasta
975,chr22,10,10328,True,-1481.9785069197555,chr22/10_sample_975.fasta
976,chr22,10,7079,True,-1020.6666435746962,chr22/10_sample_976.fasta
977,chr22,10,28121,True,-4069.5772159114845,chr22/10_sample_977.fasta
978,chr22,10,8054,True,-1229.5530620279192,chr22/10_sample_978.fasta
979,chr22,10,1076,True,-150.185303429964,chr22/10_sample_979.fasta
980,chr22,10,43957,True,-6457.771551939988,chr22/10_sample_980.fasta
981,chr22,10,15285,True,-2323.2684474131106,chr22/10_sample_981.fasta
982,chr22,10,1233,True,-162.32215460645222,chr22/10_sample_982.fasta
983,chr22,10,15830,True,-2310.0308958155792,chr22/10_sample_983.fasta
984,chr22,10,34,True,-1.7725887222397811,chr22/10_sample_984.fasta
985,chr22,10,35835,True,-5213.985114579031,chr22/10_sample_985.fasta
986,chr22,10,17666,True,-2535.2286876944577,chr22/10_sample_986.fasta
987,chr22,10,58318,True,-8428.06589325766,chr22/10_sample_987.fasta
988,chr22,10,22944,True,-3377.6558054443735,chr22/10_sample_988.fasta
989,chr22,10,26650,True,-3876.451820673285,chr22/10_sample_989.fasta
990,chr22,10,798,True,-109.28961977692714,chr22/10_sample_990.fasta
991,chr22,10,166769,True,-24195.300734698292,chr22/10_sample_991.fasta
992,chr22,10,1446,True,-201.67519589495208,chr22/10_sample_992.fasta
993,chr22,10,26380,True,-3803.014696369317,chr22/10_sample_993.fasta
994,chr22,10,11311,True,-1638.788205862087,chr22/10_sample_994.fasta
995,chr22,10,3282,True,-433.5011383411828,chr22/10_sample_995.fasta
996,chr22,10,19145,True,-2730.526293575593,chr22/10_sample_996.fasta
997,chr22,10,37465,True,-5379.699406734034,chr22/10_sample_997.fasta
998,chr22,10,26886,True,-4047.176579228004,chr22/10_sample_998.fasta
999,chr22,10,4979,True,-687.7047916688743,chr22/10_sample_999.fasta
